section	code	gfs_code	text_name	text_thai	text_1	text_2	text_3	text_4	text_5
cover	-	-	-		-	-	-	-	-
intro	int01	-	intro	intro	อาการผมร่วงหัวล้าน อาจจะเกิดได้หลายสาเหตุ ทั้งระดับฮอร์โมนที่ไม่สมดุล ความเครียด การใช้ยาบางอย่าง แต่อาการผมร่วงหัวล้านที่เป็นปัญหาสำคัญอีกอย่างก็คือ “อาการหัวล้านจากกรรมพันธุ์ Androgenetic Alopecia” ซึ่งคืออาการหัวล้านที่มาจากพันธุกรรม หรือ DNA ที่มีรูปแบบความผิดปกติ ทำให้เกิดปัญหาผมร่วงผมบาง และศีรษะล้าน	โดยทั่วไป ผมร่วงหัวล้านกรรมพันธุ์คนมักคิดว่าเป็นปัญหาสำคัญในเฉพาะเพศชาย (อัตราการเกิดค่อนข้างสูง คือ มากกว่า 1 ใน 3 ของประชากรเพศชายทั้งหมด) แต่ที่จริงแล้ว ก็เกิดในเพศหญิงได้เช่นกัน คือ 10-40% ของประชากร (ขึ้นอยู่กับเชื้อชาติ)	การตรวจ DNA ช่วยป้องกันและแก้ไขปัญหาหัวล้านกรรมพันธุ์ได้อย่างไร เนื่องจากต้นเหตุของอาการหัวล้าน สามารถเกิดได้จากหลายสาเหตุ ทั้งกรรมพันธุ์ที่มีผลต่อฮอร์โมนโดยตรง (เช่นยีนที่ชื่อ AR) ความเครียด วัยทอง และแม้แต่การพร่องวิตามินและแร่ธาตุที่สำคัญต่อการเจริญเติบโตของเส้นผมจาก DNA ซึ่งเป็นสาเหตุโดยอ้อม การตรวจ DNA จะทำให้ทราบว่า สาเหตุที่แท้จริงของอาการผมบาง ผมร่วง และศีรษะล้านของแต่ละคน มีต้นเหตุที่แท้จริงจากอะไร และสามารถนำไปสู่การจัดรูปแบบการรักษา วิตามิน แบบแผนและระยะเวลาในการรักษาเฉพาะบุคคลได้อย่างแม่นยำขึ้น เห็นผลมากยิ่งขึ้น และยั่งยืนมากยิ่งขึ้น ท่านจะไม่ต้องใช้เวลาและสิ้นเปลืองเงินไปกับการรักษาแบบลองผิดลองถูก จนกระทั่งเกิดการท้อใจ และล้มเลิกไปในระหว่างการรักษาโดยยังไม่เห็นผลที่แท้จริง	-	-
intro	int02	-	intro	intro	ร่างกายของคนเรา ประกอบไปด้วยเซลล์ประมาณ 60 ล้านล้านเซลล์ โดยทุกเซลล์จะมีสารพันธุกรรมที่เรียกว่า DNA สำหรับเก็บรหัสที่จำเป็นต่อการดำรงชีวิต ซึ่งถ่ายทอดมาจากพ่อแม่และส่งต่อไปยังลูกหลานรุ่นต่อไปได้	ทำไมมนุษย์แต่ละคนถึงมีรูปร่างหน้าตาที่แตกต่างกัน ทำไมบางคนถึงป่วยง่าย ทำไมบางคนรับประทานยาแล้วไม่ตอบสนอง หรือมีอาการแพ้ยา ทำไมบางคนออกกำลังกายแล้วมีอาการบาดเจ็บง่ายกว่าคนอื่น ความแตกต่างเหล่านี้ส่วนหนึ่งมีผลมาจากปัจจัยทางพันธุกรรม	Single Nucleotide Polymorphisms (SNPs หรือ สนิปส์) คือความหลากหลายทางพันธุกรรมชนิดเบสเดี่ยวที่กระจายอยู่ทั่วทุกโครโมโซม โดยพบมากกว่า 1 % ของประชากร SNPs เป็นลักษณะเฉพาะบุคคลที่ถ่ายทอดทางพันธุกรรม โดย SNPs เหล่านี้เกี่ยวข้องกับการแสดงออกทางคลินิกของยีนที่แตกต่าง (genetic variation) ในแต่ละกลุ่มประชากร	จากการศึกษาวิจัยพบว่าความหลากหลายทางพันธุกรรมนี้ส่งผลให้มนุษย์แต่ละคนมีความแตกต่างกัน ทั้งด้านรูปร่างลักษณะภายนอก สุขภาพ ความเสี่ยงในการเกิดโรค (genetic susceptibility) รวมทั้งการตอบสนองต่อการรักษาด้วยยา (drug response) ที่แตกต่างกัน	การที่คุณรู้รหัสพันธุกรรมของคุณเองจะช่วยให้คุณสามารถออกแบบการใช้ชีวิต (Lifestyle) ที่เหมาะกับคุณ เพื่อสุขภาพที่ดีและมีความสุขกับการใช้ชีวิต
sum	-	-	-		-	-	-	-	-
info	-	-	-		-	-	-	-	-
info	inf01	NU001	Vitamin A	วิตามิน A	วิตามินเอ ช่วยในการเจริญของเซลล์ในร่างกาย รวมถึงเส้นผม และช่วยในการผลิต sebum จากต่อมใต้ผิวหนัง ซึ่งทำให้หนังศีรษะชุ่มชื้น และเส้นผมแข็งแรง นอกจากนั้นวิตามินเอยังช่วยในการมองเห็นในที่มืดหรือในที่แสงสว่างน้อย และมีบทบาทสำคัญต่อระบบภูมิคุ้มกันในร่างกายด้วย	เมื่อร่างกายขาดวิตามินเอ อาจส่งผลให้เส้นผมไม่แข็งแรง ผิวหนังแห้ง ขาดความชุ่มชื้น และมองเห็นลำบากในเวลากลางคืน	วิตามินเอพบได้ในเนื้อสัตว์ น้ำมันตับปลา เครื่องในสัตว์ ไข่แดง นมและผลิตภัณฑ์จากนม ผักและผลไม้ที่มีสีส้ม สีเหลือง และเขียวเข้ม เช่น แครอท ผักโขม มันฝรั่ง ฟักทอง คะน้า เป็นต้น	Vitamin A. NIH Office of Dietary Supplements. https://ods.od.nih.gov/factsheets/VitaminA-Consumer/.	-
info	inf02	NU005	Vitamin C	วิตามิน C	วิตามินซี หรือ กรดแอสคอร์บิก (Ascorbic Acid) มีฤทธิ์ต่อต้านอนุมูลอิสระที่มีประสิทธิภาพสูง มีความสำคัญในการสร้างคอลลาเจนเพื่อช่วยซ่อมแซมเนื้อเยื่อต่าง ๆ ในร่างกาย ซึ่งคอลลาเจนเป็นส่วนประกอบสำคัญของเส้นผมด้วย	เมื่อร่างกายขาดวิตามินซี อาจทำให้เส้นผมไม่แข็งแรง ผิวหนังและเล็บผิดปกติ ผิวแห้ง แผลหายช้า และเป็นโรคลักปิดลักเปิด (scurvy) ได้	แหล่งอาหารสำคัญ ได้แก่ ผลไม้รสเปรี้ยว เช่น ส้ม ผลไม้ตระกูลเบอร์รี่ ผักใบเขียว แคนตาลูป มันฝรั่ง มะเขือเทศ	Vitamin C. NIH Office of Dietary Supplements. https://ods.od.nih.gov/factsheets/VitaminC-Consumer/.	-
info	inf03	NU006	Vitamin D	วิตามิน D	วิตามินดี ช่วยในการดูดซึมและใช้แคลเซียมและฟอสฟอรัส ซึ่งจำเป็นต่อความแข็งแรงของกระดูกและฟัน วิตามินดีจะมีการเปลี่ยนแปลงในเซลล์ keratinocyte ที่สร้าง keratin ซึ่งพบในเส้นผม ผิว เล็บ	เมื่อร่างกายขาดวิตามินดี keratinocyte ในรากผมจะทำงานผิดปกติ ส่งผลต่อการงอกและการร่วงของเส้นผมได้ กรณีขาดวิตามินรุนแรง อาจทำให้ฟันผุ เป็นโรคกระดูกอ่อน และภาวะกระดูกพรุนในผู้สูงอายุได้	ร่างกายของเราจะได้รับวิตามินดีจากแสงแดด เพราะรังสี UV จากแสงแดดจะทำปฏิกิริยาผิวหนัง ก่อให้เกิดการสร้างวิตามินดีซึ่งจะถูกดูดซึมกลับเข้าสู่ร่างกาย นอกจากนั้นร่างกายยังได้รับวิตามินดีจากอาหาร เช่น น้ำมันตับปลา ปลาซาร์ดีน ปลาแซลมอน ปลาทูน่า ตับวัว ไข่แดง นม	Vitamin D. NIH Office of Dietary Supplements. https://ods.od.nih.gov/factsheets/VitaminD-Consumer/.	-
info	inf04	NU007	Vitamin E	วิตามิน E	วิตามินอี หรือ โทโคฟีรอล (Tocopherol) มีฤทธิ์ต่อต้านอนุมูลอิสระ ชะลอกระบวนการเสื่อมสภาพของเซลล์ ช่วยให้เส้นผมแข็งแรง และเพิ่มเส้นเลือดที่ไปเลี้ยงหนังศีรษะ	เมื่อร่างกายขาดวิตามินอี อาจทำให้เส้นผมไม่แข็งแรง การมองเห็นผิดปกติ การทำงานของระบบประสาทผิดปกติ เช่น เดินเซ เส้นประสาทผิดปกติ และภูมิต้านทานต่ำ	แหล่งอาหารที่สำคัญ ได้แก่ น้ำมันพืช น้ำมันดอกคำฝอย น้ำมันข้าวโพด ถั่ว เมล็ดทานตะวัน เมล็ดมะม่วงหิมพานต์ อัลมอนด์ กะหล่ำปลี ผักใบเขียว ผักขม อะโวคาโด (เฉพาะเนื้อ)	Vitamin E. NIH Office of Dietary Supplements. https://ods.od.nih.gov/factsheets/VitaminE-Consumer/.	-
info	inf05	NU009	Folate	โฟเลต	โฟเลต หรือวิตามินบี9 มีความสำคัญในการสังเคราะห์ดีเอ็นเอ โดยโฟเลตในรูปแบบที่สังเคราะห์ขึ้น เรียก กรดโฟลิค (folic acid) โฟเลตช่วยในการแบ่งเซลล์ต่างๆในร่างกาย ช่วยในการสร้างเม็ดเลือดแดง ทําให้เซลล์ประสาทไขสันหลังและเซลล์สมองเจริญเป็นปกติ	เมื่อร่างกายขาดโฟเลต อาจส่งผลให้เส้นผมไม่แข็งแรง อ่อนเพลีย ปวดศีรษะ เป็นโรคโลหิตจาง หญิงตั้งครรภ์ที่ขาดโฟเลตจะเสี่ยงต่อการเกิดลูกพิการแต่กำเนิด	แหล่งอาหารที่สำคัญ เช่น ตับ ผักใบเขียว บร็อคโคลี่ หน่อไม้ฝรั่ง กะหล่ำปลี ถั่ว ธัญพืช ผลไม้ เช่น ส้ม	Folate. NIH Office of Dietary Supplements. https://ods.od.nih.gov/factsheets/Folate-Consumer/.	-
info	inf06	NU011	Iron	ธาตุเหล็ก	ธาตุเหล็ก (iron) เป็นแร่ธาตุที่ช่วยในการสร้างเม็ดเลือดแดง โดยเป็นส่วนประกอบของฮีโมโกลบิน ซึ่งนำ oxygen ไปสู่เซลล์ต่างๆในร่างกาย รวมทั้งหนังศีรษะด้วย ธาตุเหล็กยังเป็นส่วนประกอบของโปรตีนหลายชนิด ช่วยในการเจริญเติบโตของร่างกาย และช่วยในระบบภูมิคุ้มกัน	เมื่อร่างกายขาดธาตุเหล็ก จะส่งผลให้ผมร่วง อ่อนเพลียง่าย เหนื่อยง่าย วิงเวียนศีรษะบ่อย ภูมิต้านทานต่ำ และเป็นโรคโลหิตจางได้	ธาตุเหล็ก พบมากในเนื้อสัตว์ อาหารทะเล ปลา เป็ด ไก่ ตับ ม้าม ไข่แดง ผักที่มีใบเขียวเข้ม เช่น ใบตำลึง ผักปวยเล้ง ผักโขม ถั่วแดง ถั่วดำ	Iron. NIH Office of Dietary Supplements. https://ods.od.nih.gov/factsheets/Iron-Consumer/.	-
info	inf07	NU013	Omega 3	โอเมก้า 3	โอเมก้า 3 เป็นกรดไขมันไม่อิ่มตัวเชิงซ้อน (Polyunsaturated fatty acid, PUFA) มีอยู่สามชนิดที่สำคัญ คือ กรดไขมันแอลฟาไลโนเลนิก (Alpha linolenic acid : ALA), กรดไขมันอีพีเอ (Eicosapentaenic acid : EPA) และกรดไขมันดีเอชเอ (Docosahexaenoic acid : DHA)	โอเมก้า 3 เป็นส่วนประกอบที่สำคัญของเยื่อหุ้มเซลล์ และช่วยในการทำงานในระบบต่างๆของร่างกาย นอกจากนั้นยังช่วยลดการอักเสบของรากผม กระตุ้นการเจริญของเส้นผมและลดผมบางด้วย เมื่อร่างกายขาดโอเมก้า 3 อาจส่งผลให้ ผิวหนังสาก หยาบ หรือมีลักษณะลอกเป็นเกล็ด มีผื่นแดง บวม และระคายเคือง	แหล่งอาหารที่สำคัญ เช่น ปลาทะเล เช่น ปลาแซลมอน ปลาแม็คเคอเรล ปลาทูน่า ปลาน้ำจืดบางชนิด เช่น ปลาสวาย ปลาช่อน ปลาดุก เมล็ดวอลนัท ผักใบเขียว บรอคโคลี่ ดอกกะหล่ำ ถั่วเหลือง	Omega-3 Fatty Acids. NIH Office of Dietary Supplements. https://ods.od.nih.gov/factsheets/Omega3FattyAcids-Consumer/.	-
info	inf08	NU016	Zinc	สังกะสี	สังกะสี (Zinc) เป็นแร่ธาตุที่สำคัญในกระบวนการทำงานต่างๆ ของเซลล์ เป็นส่วนประกอบของดีเอ็นเอ โปรตีน และเป็นส่วนประกอบของเอนไซม์กว่า 100 ชนิด สังกะสีมีส่วนสำคัญในการเจริญของเส้นผม และช่วยในการทำงานของต่อมไขมันที่รากผม	เมื่อร่างกายขาดสังกะสี อาจส่งผลให้ผมร่วง ผิวแห้งลอก แผลหายช้า ผิวอักเสบง่าย การรับรสผิดปกติ	สังกะสีพบได้ในอาหาร เช่น หอยนางรม เนื้อสัตว์ ตับ ไข่ นม ข้าวกล้อง เมล็ดทานตะวัน เมล็ดพืช มันฝรั่ง ผักใบเขียวต่างๆ ผลไม้ เช่น มะม่วง สับปะรด	Zinc. NIH Office of Dietary Supplements. https://ods.od.nih.gov/factsheets/Zinc-Consumer/.	-
info	inf09	NU017	Biotin	ไบโอติน	ไบโอติน (Biotin) หรือวิตามินบี 7 เป็นตัวช่วยในการนำคาร์โบไฮเดรต ไขมัน และโปรตีน เปลี่ยนไปเป็นพลังงานให้ร่างกาย และช่วยในการสร้าง keratin ซึ่งเป็นส่วนประกอบสำคัญของเส้นผม ผิวหนัง และเล็บ	เมื่อร่างกายขาดไบโอติน อาจส่งผลให้ผมร่วง มีผื่นผิวหนัง หรือเล็บเปราะแตกง่าย ผู้ที่เสี่ยงต่อการขาดไบโอติน ได้แก่ หญิงตั้งครรภ์ หรือให้นมบุตร คนที่ดื่มแอลกอฮอล์เป็นระยะเวลานาน และคนที่เป็นโรคพันธุกรรมบางประเภท	ไบโอตินพบได้ในอาหารหลากหลายชนิด เช่น เนื้อสัตว์ ไข่ ตับ ถั่ว	Biotin. NIH Office of Dietary Supplements. https://ods.od.nih.gov/factsheets/Biotin-Consumer/.	-
info	inf10	SK011	Dry Skin	ภาวะผิวแห้ง	โดยปกติ ร่างกายมีกลไกรักษาความชุ่มชื่นภายในผิว จากโครงสร้างของชั้นผิวหนังที่มีลักษณะเฉพาะ การที่มีสารที่ให้ความชุ่มชื้นตามธรรมชาติ ไขมันในชั้นผิวหนัง และการส่งผ่านน้ำระหว่างเซลล์ เมื่อเกิดความผิดปกติในกลไกดังกล่าว ความชุ่มชื้นภายในผิวลดลง จะทำให้เกิดภาวะผิวแห้ง (Xerosis and Ichthyosis) โดยจะมีอาการผิวแห้งตึง ขาดความยืดหยุ่น ผิวดูหยาบ เห็นริ้วชัดขึ้น เป็นขุย ลอก คัน บางรายเป็นมากจนมีผิวแตก แดงอักเสบร่วมด้วยได้ และอาจเพิ่มความเสี่ยงต่อภาวะผิวบอบบาง แพ้ง่าย โดยคนที่มีหนังศีรษะที่แห้ง คัน และเกาบริเวณศีรษะมากเกิน อาจส่งผลให้เกิดผมร่วงได้	Dry skin: Overview. American Academy of Dermatology. https://www.aad.org/public/diseases/a-z/dry-skin-overview.	-	-	-
info	inf11	SK012	Psoriasis	สะเก็ดเงิน	สะเก็ดเงิน (Psoriasis) เป็นโรคที่มีการอักเสบเรื้อรังของผิวหนัง สาเหตุเกิดจากหลายปัจจัยร่วมกัน ได้แก่ พันธุกรรม ความผิดปกติของระบบภูมิคุ้มกันและปัจจัยกระตุ้นภายนอก เช่น การบาดเจ็บหรือเจ็บป่วย การติดเชื้อ ยาบางชนิด เป็นต้น ทำให้มีผู้ป่วยโรคสะเก็ดเงินมีการแบ่งตัวของเซลล์ผิวหนังเร็วผิดปกติ ^ผื่นผิวหนังจากโรคสะเก็ดเงิน พบได้หลายแบบ เช่น ผื่นแดงหนา ขอบเขตชัด ขุยหนาสีขาวหรือสีเงิน ตุ่มหนองกระจายบนผิวหนังที่มีการอักเสบแดง โดยมักพบบริเวณหนังศีรษะ ลำตัว แขนขา โดยเฉพาะบริเวณ ข้อศอก และหัวเข่าซึ่งเป็นบริเวณที่มีการเสียดสี โดยสะเก็ดเงินที่บริเวณหนังศีรษะ จะทำให้หนังศีรษะแห้ง คัน อักเสบ ส่งผลให้รากผมอ่อนแอ และผมร่วงได้ง่าย	Psoriasis Resource Center. American Academy of Dermatology. https://www.aad.org/public/diseases/psoriasis/.	-	-	-
info	inf12	SK013	Androgenetic^Alopecia	โรคผมบาง^จากกรรมพันธุ์	โรคผมบางจากพันธุกรรม หรือ โรคผมบางที่มีรูปแบบเฉพาะ (androgenetic alopecia, pattern hair loss) เป็นภาวะผมบางที่พบได้ทั้งเพศชายและหญิง แต่จะพบในเพศชายมากกว่า โดยผมจะบางลง มีขนาดเส้นเล็กลง และบางในตำแหน่งที่มีลักษณะเฉพาะแล้วแต่บุคคล ^โดยในเพศชายส่วนใหญ่จะมีลักษณะเถิกขึ้น โดยเฉพาะที่ขมับทั้ง 2 ข้าง จะเห็นเหมือนรูป M หรือบางทั่ว ๆ บริเวณกลางศีรษะ อาจมีหรือไม่มีผมบางบริเวณด้านหน้าร่วมด้วย ^ในเพศหญิงส่วนมากจะมีการบางของผมบริเวณกลางศีรษะมากกว่าด้านหน้าผาก ส่วนน้อยที่จะมีการบางของผมในลักษณะเดียวกันกับกับเพศชาย ^โรคผมบางชนิดนี้เป็นผลมาจากพันธุกรรม ฮอร์โมนเพศชาย (Androgen) และอายุที่มากขึ้น โดยยิ่งมีอายุมากขึ้น ผมจะยิ่งบางลง	Hair Loss Resource Center. American Academy of Dermatology. https://www.aad.org/public/diseases/hair-loss.	-	-	-
info	inf13	SS004	Insomnia	อาการนอน^ไม่หลับ	นอนไม่หลับ (insomnia) เป็นภาวะหรืออาการผิดปกติของการนอนหลับ อาการมีได้หลากหลาย ทั้งไม่สามารถนอนหลับได้เลย หรือบางครั้งนอนหลับไปแล้วตื่นกลางดึก และไม่สามารถนอนหลับต่อได้อีก ตื่นเช้าไม่สดใส มีอาการง่วงนอนหรืออ่อนเพลียตอนกลางวัน ^นอนไม่หลับ ทำให้เกิดความเครียด ส่งผลให้วงจรการเจริญของเส้นผมผิดปกติ และเกิดผมร่วงได้ เช่น ภาวะ telogen effluvium ซึ่งมักเป็นชั่วคราว เมื่อความเครียดลดลง อาการจะดีขึ้นได้ นอกจากนั้น ในคนที่มีภาวะผมร่วงจากกรรมพันธุ์ (hereditary hair loss) ความเครียดจะกระตุ้นให้อาการผมร่วงเป็นเร็วขึ้น หรือเป็นมากขึ้นได้^• ฮอร์โมนเมลาโทนิน (melatonin) เป็นฮอร์โมนที่ช่วยในวงจรการนอนหลับ และนาฬิกาของร่างกาย (circadian rhythm) การนอนไม่หลับ จะทำให้ระดับเมลาโทนินลดลง และส่งผลให้เกิดผมร่วงได้	Insomnia - Overview and Facts. Sleep Education. http://sleepeducation.org/essentials-in-sleep/insomnia.	-	-	-
info	inf14	SK018	Premature^Gray	ภาวะผมหงอก^ก่อนวัย	สีผมตามธรรมชาติ เกิดจากเม็ดสี (pigment) ที่เรียกว่าเมลานิน (melanin) ซึ่งสร้างจากเซลล์ที่อยู่ใกล้รากผม โดยสีผมที่แตกต่างกัน เป็นเหตุจากชนิดและปริมาณของเมลานินที่แตกต่างกันในแต่ละคน เมื่ออายุมากขึ้น การผลิตเมลานินอาจลดลงมาก จะทำให้เกิดผมหงอก คือเส้นผมมีสีขาวหรือเทา ในกรณีที่เริ่มผมหงอกตั้งแต่อายุน้อยกว่า 20 – 30 ปี จะถือว่าผมหงอกก่อนวัย^นอกจากอายุที่มากขึ้นแล้ว ปัจจัยที่ส่งผลให้เกิดผมหงอก ได้แก่ ความเครียด การขาดสารอาหารบางชนิด การสูบบุหรี่ โรคประจำตัวบางโรค เช่น โลหิตจาง ฮอร์โมนธัยรอยด์ต่ำหรือสูงเกิน รวมถึงภาวะ oxidative stress ที่เกี่ยวข้องกับสารต้านอนุมูลอิสระ นอกจากนั้น พันธุกรรม หรือการเปลี่ยนแปลงของยีนบางยีน ก็ส่งผลต่อผมหงอก และภาวะผมหงอกก่อนวัย	What Causes Gray Hair in Men and Women?. https://health.usnews.com/health-care/patient-advice/articles/what-causes-gray-hair#expert-sources	-	-	-
info	inf15	LV007	Premature^Menopause	ภาวะหมดระดู^ก่อนวัย	Menopause มีความหมายว่าประจำเดือนครั้งสุดท้าย หลังจากนั้นจะเข้าสู่วัยหมดระดู ซึ่งเกิดจากการเปลี่ยนแปลงของฮอร์โมนในร่างกาย ไม่เกิดการตกไข่หรือมีประจำเดือนได้อีก การหมดระดูตามธรรมชาตินั้น มักจะเกิดได้ในช่วงอายุ 40-60 ปี โดยมีค่าเฉลี่ย คือ อายุ 51 ปี ภาวะหมดระดูก่อนวัย (Premature menopause) คือ ภาวะที่เข้าสู่ระยะหมดระดูหรือรังไข่ไม่ทำงานก่อนวัย หรือก่อนอายุ 40 ปี^เมื่ออยู่ในช่วงวัยหมดระดู อาจมีอาการผมบาง หรือผมร่วง จากการที่ฮอร์โมนไม่สมดุล นอกจากนั้น ความเครียด หรือการขาดสารอาหารบางประเภทในช่วงหมดระดู อาจส่งผลร่วมให้เกิดผมร่วงได้	The Menopause Years. American College of Obstetricians and Gynecologists. https://www.acog.org/patient-resources/faqs/womens-health/the-menopause-years.	-	-	-
info	inf16	SK019	Minoxidil	ยาไมนอกซิดิล	ยาไมนอกซิดิล (Minoxidil) ออกฤทธิ์โดยช่วยขยายหลอดเลือด ให้เลือดไปเลี้ยงรากผมมากขึ้น ช่วยกระตุ้นการงอกของเส้นผม ชะลอการหลุดร่วงของเส้นผม และทำให้เส้นผมมีอายุขัยนานขึ้น ใช้ได้ทั้งในผู้ชาย และผู้หญิง^มีรูปแบบทั้งชนิดรับประทาน และชนิดทา ที่ใช้ทาบริเวณที่ผมร่วงผมบาง^^ผลข้างเคียงที่อาจพบ^สำหรับชนิดรับประทาน เช่น อาการบวมที่ใบหน้า แขน ขา เวียนศีรษะ ไข้สั่น^นอกจากนี้ยังอาจทำให้ขนขึ้นที่ใบหู หรือทำให้ผมร่วงในช่วงแรกที่ใช้ยาได้^สำหรับชนิดทาอาจจะทำให้หนังศีรษะแห้งจากแอลกอฮอล์ที่ผสมอยู่ในยาทา	Suchonwanit P, Thammarucha S, Leerunyakul K. Minoxidil and its use in hair disorders: a review [published correction appears in Drug Des Devel Ther. 2020 Feb 10;14:575]. Drug Des Devel Ther. 2019;13:2777-2786.	-	-	-
info	inf17	SK020	Finasteride & Dutasteride	ยาฟิแนสเทอไรด์และดูแทสเทอไรด์	ยาฟิแนสเทอไรด์ (Finasteride) และดูแทสเทอไรด์ (Dutasteride) เป็นยาที่ใช้รักษาโรคต่อมลูกหมากโต แต่มีผลพลอยได้ในการลดผมร่วง โดยยาทั้งคู่ออกฤทธิ์โดยการยับยั้งเอนไซม์ 5-alpha reductase ซึ่งเป็นเอนไซม์ที่เปลี่ยนฮอร์โมนเทสโทสเตอโรน (testosterone) ให้เป็น DHT (dihydrotestosterone) ที่เป็นสาเหตุของอาการผมร่วง ทำให้ผมงอกใหม่ได้ดีขึ้น ผมหยุดร่วง^ยา Finasteride จะสามารถยับยั้งฮอร์โมน 5-alpha reductase ได้ประมาณ 70% ของเอนไซม์ทั้งหมด ในขณะที่ Dutasteride สามารถยับยั้งได้มากถึง 90% จึงลดการสร้าง DHT ได้มากกว่า^ปัจจุบันยา Finasteride ผ่านอย.ทั้งสำหรับการรักษาโรคต่อมลูกหมาก	Gubelin Harcha W, Barboza Martínez J, Tsai TF, et al. A randomized, active- and placebo-controlled study of the efficacy and safety of different doses of dutasteride versus placebo and finasteride in the treatment of male subjects with androgenetic alopecia. J Am Acad Dermatol. 2014;70(3):489-498.e3.	-	-	-
recom	-	-	-		-	-	-	-	-
recom	-	-	-		-	-	-	-	-
recom	rec01	SK011	Dry Skin	ภาวะผิวแห้ง	• รักษาสุขภาพให้แข็งแรง^• ดื่มน้ำให้เพียงพอ 2-3 ลิตร/วัน ^• รับประทานอาหารให้ครบ 5 หมู่ โดยเฉพาะผัก ผลไม้^• หลบแดด ทาครีมกันแดด^• ไม่อยู่ในสถานที่ที่แห้ง เย็นจัด หรือ ร้อนจัด หลีกเลี่ยงภาวะที่ทำให้เหงื่อออกมาก^• ไม่อาบน้ำอุ่น น้ำร้อนหรือเย็นจัด ไม่แช่น้ำนานเกินไป^• สบู่ควรใช้สบู่อ่อนๆ ที่มีฤทธิ์เป็นกลาง หรือ กรดอ่อนๆ ^• หลีกเลี่ยงการใช้หรือสัมผัสกับสารระคายเคือง^• เลี่ยงการสครัป การขัดผิวบ่อยๆ ^• ป้องกันและรักษาผิวแห้งโดยการทาครีมบำรุง หรือโลชั่นสม่ำเสมอ แนะนำทาหลังอาบน้ำทันที ถ้าผิวหนังยังแห้งมากควรทาเพิ่ม สามารถทาได้วันละหลายครั้ง	• รักษาสุขภาพให้แข็งแรง^• ดื่มน้ำให้เพียงพอ 2-3 ลิตร/วัน ^• ไม่อยู่ในสถานที่ที่แห้ง เย็นจัด หรือ ร้อนจัด หลีกเลี่ยงภาวะที่ทำให้เหงื่อออกมาก^• ไม่อาบน้ำอุ่น น้ำร้อนหรือเย็นจัด ไม่แช่น้ำนานเกินไป^• สบู่ควรใช้สบู่อ่อนๆ ที่มีฤทธิ์เป็นกลาง หรือ กรดอ่อนๆ หลีกเลี่ยง Foaming cleanser และไม่ควรใช้สบู่บ่อยเกินไป หากผิวแห้งแนะนำใช้ fragrance-free non-soap cleanser เช่น syndet ^• เลี่ยงการสครัป การขัดผิว^• ป้องกันและรักษาผิวแห้งโดยการทาครีมบำรุง หรือโลชั่น โดยแนะนำครีมบำรุงที่มีส่วนประกอบของ Ceramides, fatty acids, cholesterol, MLE technology ^• หากผิวแห้งมากสามารถใช้ plastic wrap หรือ แผ่น mask พันเฉพาะจุด หลังจากทาครีมบำรุงแล้ว เพื่อช่วยลดการสูญเสียน้ำทางผิวหนัง และช่วยเพิ่มการดูดซึมของผลิตภัณฑ์^• แนะนำไม่ให้ แกะ เกา เนื่องจากการเกาจะทำให้ผื่นผิวหนังที่อักเสบกำเริบเห่อมากขึ้น	-	-	-
recom	rec02	SK012	Psoriasis	สะเก็ดเงิน	• รักษาสุขภาพให้แข็งแรง^• ควบคุมน้ำหนัก^• ออกกำลังกายสม่ำเสมอ^• ไม่กินเหล้า ไม่สูบบุหรี่ ^• ลดความเครียด (Stress) ทั้งทางด้านร่างกายและจิตใจ	• รักษาสุขภาพให้แข็งแรง^• ลดความเครียด (Stress) ทั้งทางด้านร่างกายและจิตใจ^• หลีกเลี่ยงการเกาศีรษะแรงๆ หรือแปรงผมแรงๆ^• ใช้แชมพูที่มี salicylic acid ที่จะช่วยให้ขุยที่หนังศีรษะหลุดง่าย และใช้ conditioner สระผมตาม เพื่อเพิ่มความชุ่มชื้น^• ปรึกษาแพทย์เมื่อมีอาการ	-	-	-
recom	rec03	SK013	Androgenetic Alopecia	โรคผมบางจากพันธุกรรม	• งดสูบบุหรี่^• กินอาหารให้ครบ 5 หมู่ เพื่อให้ได้สารอาหารครบถ้วน^• ลดความเครียด (Stress) ทั้งทางร่างกายและจิตใจ^• ใช้แชมพู ครีมนวดผม หรือผลิตภัณฑ์ที่อ่อนโยนกับเส้นผม^• เลี่ยงการถักผม/รวบผมที่รัดตึงเกินไป เลี่ยงการม้วนผมหรือหนีบผมด้วยความร้อนบ่อยๆ^• ยืด/ดัด/ย้อมผมเท่าที่จำเป็น	• คุณมีปัจจัยทางพันธุกรรมที่สัมพันธ์กับภาวะผมบาง^• งดสูบบุหรี่^• กินอาหารให้ครบ 5 หมู่ เพื่อให้ได้สารอาหารครบถ้วน โดยเฉพาะธาตุเหล็ก อาหารที่มีธาตุเหล็ก ได้แก่ ตับ เนื้อสัตว์สีแดง หอยนางรม ปลาแซลมอน ปลาทูน่า ถั่วอบแห้ง ^• มีรายงานการกินอาหารเสริมจำพวก Zinc, Biotin ช่วยทำให้เส้นผมแข็งแรงขึ้นได้^• ลดความเครียด (Stress) ทั้งทางร่างกายและจิตใจ^• ใช้แชมพู ครีมนวดผม หรือผลิตภัณฑ์ที่อ่อนโยนกับเส้นผม^• เลี่ยงการถักผม/รวบผมที่รัดตึงเกินไป เลี่ยงการม้วนผมหรือหนีบผมด้วยความร้อนบ่อยๆ^• เลี่ยงการยืด/ดัด/ย้อมผม หากจำเป็นแนะนำใช้ผลิตภัณฑ์ออร์แกนิค หรือผลิตภัณฑ์ที่ปราศจาก แอมโมเนีย, เปอร์ออกไซด์และสาร PPD (para-phenylenediamine)^• เลี่ยงการใช้ยาคุมกำนิดเอง เพราะอาจเกิดผลข้างเคียงทำให้ผมบางลงได้ หากจำเป็นต้องใช้ ควรปรึกษาแพทย์^• ในเพศหญิงหากมีหนวด เคราขึ้น ขนขึ้นผิดปกติที่หน้าอก แขน ขา มีสิวขึ้นมาก หน้ามัน ประจำเดือนผิดปกติ ควรรีบพบแพทย์เพื่อหาสาเหตุ^• หากเริ่มมีภาวะผมร่วง ควรรีบพบแพทย์	-	-	-
recom	rec04	SS004	Stress & Sleep	อาการนอนไม่หลับ	• คุณมีปัจจัยทางพันธุกรรมที่สัมพันธ์กับระดับความเสี่ยงที่จะเกิดโรคนอนไม่หลับ ในระดับต่ำ^• การปฏิบัติตัวที่ดีในการนอน^o ทำกิจกรรมที่ช่วยให้ผ่อนคลายก่อนนอน เช่น รับประทานของว่างเบาๆ หลีกเลียงการออกกำลังกายอย่างหนักภายใน 6 ชั่วโมงก่อนเข้านอน^o ใช้เตียงนอนสำหรับการนอนหลับ ไม่ควรใช้สำหรับทำงาน^o ไม่ดื่มเครื่องดื่มที่มีคาเฟอีนหลังมื้อเที่ยง^o ไม่สูบบุหรี่ ไม่ดื่มเครื่องดื่มที่มีแอลกอฮอล์ ก่อนเข้านอน^o หลีกเลี่ยงการใช้ยานอนหลับ หรือใช้ยาอย่างระมัดระวัง ^o จัดสภาพแวดล้อมในห้องนอนให้เหมาะสม เช่น เงียบสงบ มืด และอากาศไม่ร้อนหรือหนาวเกินไป^• อย่างไรก็ตามการนอนไม่หลับ เกิดได้จากหลายสาเหตุ หากพบความผิดปกติ ควรไปพบแพทย์เพื่อปรึกษาและตรวจเพิ่มเติมอื่นๆ ตามความเหมาะสม	• คุณมีปัจจัยทางพันธุกรรมที่สัมพันธ์กับระดับความเสี่ยงที่จะเกิดโรคนอนไม่หลับ ในระดับสูง^• การปฏิบัติตัวที่ดีในการนอน^o ทำกิจกรรมที่ช่วยให้ผ่อนคลายก่อนนอน เช่น รับประทานของว่างเบาๆ หลีกเลียงการออกกำลังกายอย่างหนักภายใน 6 ชั่วโมงก่อนเข้านอน^o ใช้เตียงนอนสำหรับการนอนหลับ ไม่ควรใช้สำหรับทำงาน^o ไม่ดื่มเครื่องดื่มที่มีคาเฟอีนหลังมื้อเที่ยง^o ไม่สูบบุหรี่ ไม่ดื่มเครื่องดื่มที่มีแอลกอฮอล์ ก่อนเข้านอน^o หลีกเลี่ยงการใช้ยานอนหลับ หรือใช้ยาอย่างระมัดระวัง ^o จัดสภาพแวดล้อมในห้องนอนให้เหมาะสม เช่น เงียบสงบ มืด และอากาศไม่ร้อนหรือหนาวเกินไป^• อย่างไรก็ตามการนอนไม่หลับ เกิดได้จากหลายสาเหตุ หากพบความผิดปกติ ควรไปพบแพทย์เพื่อปรึกษาและตรวจเพิ่มเติมอื่นๆ ตามความเหมาะสม	-	-	-
recom	rec05	LV007	Premature Menopause	ภาวะหมดระดูก่อนวัย	• คุณมีความเสี่ยงทางพันธุกรรมต่ำ เราแนะนำให้คุณดูแลสุขภาพองค์รวมให้แข็งแรง โดยรับประทานอาหารที่มีประโยชน์ ควบคุมน้ำหนัก ออกกำลังกายอย่างสม่ำเสมอ งดสูบบุหรี่ งดเครื่องดื่มที่มีแอลกอฮอล์ หลีกเลี่ยงปัจจัยเสี่ยงต่างๆ และตรวจสุขภาพทั่วไปเป็นประจำทุกปี^• สตรีในวัยเจริญพันธุ์และวัยหมดระดูควรไปพบสูตินรีแพทย์ เพื่อทำการตรวจภายในและตรวจคัดกรองมะเร็งปากมดลูก ทุก 1-3 ปี หรือตามคำแนะนำของแพทย์	• คุณตรวจพบความเสี่ยงทางพันธุกรรม หากคุณมีปัจจัยเสี่ยงต่อโรคต่างๆ หรือมีอาการผิดปกติ เราแนะนำให้คุณนำผลการตรวจไปพบแพทย์ เพื่อปรึกษา และร่วมกันวางแผนการตรวจเพิ่มเติม หรือดูแลรักษาต่อไป ^• สตรีในวัยเจริญพันธุ์และวัยหมดระดูควรไปพบสูตินรีแพทย์ เพื่อทำการตรวจภายในและตรวจคัดกรองมะเร็งปากมดลูก ทุก 1-3 ปี หรือตามคำแนะนำของแพทย์	-	-	-
recom	rec06	SK018	Premature Grey	ภาวะผมหงอกก่อนวัย	• งดสูบบุหรี่^• กินอาหารให้ครบ 5 หมู่ โดยเฉพาะ วิตามิน B12, D, Biotin, ธาตุเหล็ก, ซีลีเนียม, สารต้านอนุมูลอิสระ^• ลดความเครียด (Stress) ทั้งทางร่างกายและจิตใจ^^	• คุณมีปัจจัยทางพันธุกรรมที่สัมพันธ์กับภาวะผมหงอก^• งดสูบบุหรี่^• กินอาหารให้ครบ 5 หมู่ โดยเฉพาะ วิตามิน B12, D, Biotin, ธาตุเหล็ก, ซีลีเนียม, สารต้านอนุมูลอิสระ ^• ลดความเครียด (Stress) ทั้งทางร่างกายและจิตใจ^• ใช้แชมพู ครีมนวดผม หรือผลิตภัณฑ์ที่อ่อนโยนกับเส้นผม^^	-	-	-
product	-	-	-		-	-	-	-	-
cover	-	-	-		-	-	-	-	-